subject_id,true_label,pred_label,pred_prob,true_class,pred_class
S05,1,0,0.3484,stress,no_vibrate
S05,1,0,0.0576,stress,no_vibrate
S05,1,0,0.4294,stress,no_vibrate
S05,1,1,0.5343,stress,vibrate
S05,1,0,0.0791,stress,no_vibrate
S05,1,0,0.0116,stress,no_vibrate
S05,1,0,0.1823,stress,no_vibrate
S05,1,1,0.5833,stress,vibrate
S05,1,1,0.7087,stress,vibrate
S05,1,1,0.5735,stress,vibrate
S05,1,0,0.0905,stress,no_vibrate
S05,1,0,0.0107,stress,no_vibrate
S05,1,0,0.2975,stress,no_vibrate
S05,1,0,0.1289,stress,no_vibrate
S05,1,0,0.1792,stress,no_vibrate
S05,1,0,0.0718,stress,no_vibrate
S05,1,1,0.8277,stress,vibrate
S05,1,1,0.8077,stress,vibrate
S05,1,1,0.9338,stress,vibrate
S05,1,1,0.8123,stress,vibrate
S05,1,1,0.9689,stress,vibrate
S05,1,1,0.6837,stress,vibrate
S05,1,1,0.6931,stress,vibrate
S05,1,0,0.0993,stress,no_vibrate
S05,1,0,0.0123,stress,no_vibrate
S05,1,0,0.1569,stress,no_vibrate
S05,1,1,0.6731,stress,vibrate
S05,1,0,0.2971,stress,no_vibrate
S05,1,1,0.6780,stress,vibrate
S05,1,0,0.3572,stress,no_vibrate
S05,1,0,0.0022,stress,no_vibrate
S05,1,0,0.0516,stress,no_vibrate
S05,1,1,0.6443,stress,vibrate
S05,1,1,0.9470,stress,vibrate
S05,1,0,0.0266,stress,no_vibrate
S05,1,0,0.1495,stress,no_vibrate
S05,1,0,0.0168,stress,no_vibrate
S05,1,1,0.9204,stress,vibrate
S05,1,1,0.7125,stress,vibrate
S05,0,0,0.0154,rest,no_vibrate
S05,0,0,0.0788,rest,no_vibrate
S05,0,1,0.5236,rest,vibrate
S05,0,1,0.6859,rest,vibrate
S05,0,0,0.2440,rest,no_vibrate
S05,0,0,0.1603,rest,no_vibrate
S05,0,0,0.1958,rest,no_vibrate
S05,0,0,0.2435,rest,no_vibrate
S05,0,1,0.5814,rest,vibrate
S05,0,1,0.7676,rest,vibrate
S05,0,1,0.7507,rest,vibrate
S05,0,0,0.3743,rest,no_vibrate
S05,0,0,0.1666,rest,no_vibrate
S05,0,0,0.1299,rest,no_vibrate
S05,0,0,0.0042,rest,no_vibrate
S05,0,0,0.0103,rest,no_vibrate
S05,0,0,0.0717,rest,no_vibrate
S05,0,0,0.0007,rest,no_vibrate
S05,0,0,0.0136,rest,no_vibrate
S05,0,0,0.0205,rest,no_vibrate
S05,0,0,0.0429,rest,no_vibrate
S05,0,0,0.0140,rest,no_vibrate
S05,0,0,0.0016,rest,no_vibrate
S05,0,0,0.0044,rest,no_vibrate
S05,0,0,0.0019,rest,no_vibrate
S05,0,0,0.0014,rest,no_vibrate
S05,0,0,0.0029,rest,no_vibrate
S05,0,0,0.0008,rest,no_vibrate
S05,0,0,0.0138,rest,no_vibrate
S05,0,0,0.0070,rest,no_vibrate
S05,0,0,0.4777,rest,no_vibrate
S05,0,0,0.0002,rest,no_vibrate
S05,0,0,0.0001,rest,no_vibrate
S05,0,0,0.0390,rest,no_vibrate
S05,0,0,0.0990,rest,no_vibrate
S05,0,0,0.0011,rest,no_vibrate
S05,0,0,0.0007,rest,no_vibrate
S05,0,0,0.0109,rest,no_vibrate
S05,0,0,0.0691,rest,no_vibrate
S05,0,1,0.5706,rest,vibrate
S05,0,0,0.1901,rest,no_vibrate
S05,0,0,0.0232,rest,no_vibrate
S05,0,0,0.0165,rest,no_vibrate
S05,0,0,0.0028,rest,no_vibrate
S05,0,0,0.0010,rest,no_vibrate
S05,0,0,0.0010,rest,no_vibrate
S05,0,0,0.0005,rest,no_vibrate
S05,0,0,0.0024,rest,no_vibrate
S05,0,0,0.0223,rest,no_vibrate
S05,0,0,0.0127,rest,no_vibrate
S05,0,0,0.0009,rest,no_vibrate
S05,0,0,0.0028,rest,no_vibrate
S05,0,0,0.0074,rest,no_vibrate
S05,0,0,0.0703,rest,no_vibrate
S05,0,0,0.0011,rest,no_vibrate
S05,0,0,0.0048,rest,no_vibrate
S05,0,0,0.0184,rest,no_vibrate
S05,0,0,0.1091,rest,no_vibrate
S05,0,0,0.0103,rest,no_vibrate
S05,0,0,0.2686,rest,no_vibrate
S05,0,0,0.1535,rest,no_vibrate
S06,1,0,0.0038,stress,no_vibrate
S06,1,0,0.0017,stress,no_vibrate
S06,1,0,0.0412,stress,no_vibrate
S06,1,0,0.3836,stress,no_vibrate
S06,1,0,0.0209,stress,no_vibrate
S06,1,0,0.1772,stress,no_vibrate
S06,1,1,0.7286,stress,vibrate
S06,1,0,0.1753,stress,no_vibrate
S06,1,0,0.2722,stress,no_vibrate
S06,1,0,0.0141,stress,no_vibrate
S06,1,0,0.0128,stress,no_vibrate
S06,1,1,0.9198,stress,vibrate
S06,1,1,0.7506,stress,vibrate
S06,1,0,0.1155,stress,no_vibrate
S06,1,1,0.9810,stress,vibrate
S06,1,1,0.9453,stress,vibrate
S06,1,1,0.8220,stress,vibrate
S06,1,1,0.9952,stress,vibrate
S06,1,1,0.9864,stress,vibrate
S06,1,1,0.9868,stress,vibrate
S06,1,1,0.9949,stress,vibrate
S06,1,1,0.9892,stress,vibrate
S06,1,1,0.9935,stress,vibrate
S06,1,1,0.8100,stress,vibrate
S06,1,0,0.1924,stress,no_vibrate
S06,1,0,0.3870,stress,no_vibrate
S06,1,1,0.5333,stress,vibrate
S06,1,1,0.5137,stress,vibrate
S06,1,1,0.9924,stress,vibrate
S06,1,0,0.2060,stress,no_vibrate
S06,1,1,0.8524,stress,vibrate
S06,1,1,0.9576,stress,vibrate
S06,0,0,0.0355,rest,no_vibrate
S06,0,1,0.8877,rest,vibrate
S06,0,1,0.7478,rest,vibrate
S06,0,0,0.0982,rest,no_vibrate
S06,0,0,0.3460,rest,no_vibrate
S06,0,0,0.2656,rest,no_vibrate
S06,0,1,0.7249,rest,vibrate
S06,0,1,0.8216,rest,vibrate
S06,0,1,0.5516,rest,vibrate
S06,0,1,0.9963,rest,vibrate
S06,0,0,0.4843,rest,no_vibrate
S06,0,1,0.9030,rest,vibrate
S06,0,1,0.5848,rest,vibrate
S06,0,0,0.0065,rest,no_vibrate
S06,0,0,0.0471,rest,no_vibrate
S06,0,0,0.0038,rest,no_vibrate
S06,0,0,0.0003,rest,no_vibrate
S06,0,0,0.0049,rest,no_vibrate
S06,0,0,0.0222,rest,no_vibrate
S06,0,0,0.0013,rest,no_vibrate
S06,0,0,0.0016,rest,no_vibrate
S06,0,0,0.0006,rest,no_vibrate
S06,0,0,0.0007,rest,no_vibrate
S06,0,0,0.0003,rest,no_vibrate
S06,0,0,0.0012,rest,no_vibrate
S06,0,0,0.0320,rest,no_vibrate
S06,0,0,0.0059,rest,no_vibrate
S06,0,0,0.0227,rest,no_vibrate
S06,0,0,0.0576,rest,no_vibrate
S06,0,0,0.0010,rest,no_vibrate
S06,0,0,0.0054,rest,no_vibrate
S06,0,1,0.6932,rest,vibrate
S06,0,0,0.0014,rest,no_vibrate
S06,0,0,0.0005,rest,no_vibrate
S06,0,0,0.0382,rest,no_vibrate
S06,0,0,0.1516,rest,no_vibrate
S06,0,0,0.0032,rest,no_vibrate
S06,0,1,0.8973,rest,vibrate
S06,0,1,0.9479,rest,vibrate
S06,0,0,0.1143,rest,no_vibrate
S06,0,1,0.6448,rest,vibrate
S06,0,1,0.8562,rest,vibrate
S06,0,0,0.0023,rest,no_vibrate
S06,0,0,0.0020,rest,no_vibrate
S06,0,0,0.0240,rest,no_vibrate
S06,0,0,0.0007,rest,no_vibrate
S06,0,0,0.0075,rest,no_vibrate
S06,0,0,0.3291,rest,no_vibrate
S06,0,0,0.0078,rest,no_vibrate
S06,0,0,0.0057,rest,no_vibrate
S06,0,0,0.0039,rest,no_vibrate
S06,0,0,0.0175,rest,no_vibrate
S06,0,0,0.0101,rest,no_vibrate
S06,0,0,0.0013,rest,no_vibrate
S06,0,0,0.0016,rest,no_vibrate
S06,0,0,0.1116,rest,no_vibrate
S06,0,0,0.0259,rest,no_vibrate
S06,0,0,0.0119,rest,no_vibrate
S06,0,0,0.0104,rest,no_vibrate
S06,0,0,0.0828,rest,no_vibrate
S06,0,0,0.4360,rest,no_vibrate
S06,0,0,0.0104,rest,no_vibrate
S06,0,0,0.0003,rest,no_vibrate
S06,0,0,0.0004,rest,no_vibrate
S06,0,0,0.0015,rest,no_vibrate
S06,0,0,0.0134,rest,no_vibrate
S06,0,0,0.0894,rest,no_vibrate
S06,0,0,0.1614,rest,no_vibrate
S10,1,1,0.7712,stress,vibrate
S10,1,0,0.4641,stress,no_vibrate
S10,1,0,0.2376,stress,no_vibrate
S10,1,1,0.9175,stress,vibrate
S10,1,1,0.9474,stress,vibrate
S10,1,1,0.9241,stress,vibrate
S10,1,1,0.9289,stress,vibrate
S10,1,1,0.9613,stress,vibrate
S10,1,1,0.9640,stress,vibrate
S10,1,1,0.9003,stress,vibrate
S10,1,0,0.0956,stress,no_vibrate
S10,1,1,0.8312,stress,vibrate
S10,1,1,0.9408,stress,vibrate
S10,1,1,0.9559,stress,vibrate
S10,1,1,0.9951,stress,vibrate
S10,1,1,0.9949,stress,vibrate
S10,1,1,0.9963,stress,vibrate
S10,1,1,0.9991,stress,vibrate
S10,1,1,0.9993,stress,vibrate
S10,1,1,0.9988,stress,vibrate
S10,1,1,0.9990,stress,vibrate
S10,1,1,0.9993,stress,vibrate
S10,1,1,0.9053,stress,vibrate
S10,1,1,0.5078,stress,vibrate
S10,1,0,0.0132,stress,no_vibrate
S10,1,1,0.8074,stress,vibrate
S10,1,1,0.6023,stress,vibrate
S10,1,1,0.8225,stress,vibrate
S10,1,1,0.9478,stress,vibrate
S10,0,0,0.2310,rest,no_vibrate
S10,0,0,0.1266,rest,no_vibrate
S10,0,0,0.1538,rest,no_vibrate
S10,0,0,0.4369,rest,no_vibrate
S10,0,1,0.7898,rest,vibrate
S10,0,1,0.6917,rest,vibrate
S10,0,1,0.6381,rest,vibrate
S10,0,0,0.1629,rest,no_vibrate
S10,0,1,0.7317,rest,vibrate
S10,0,1,0.8228,rest,vibrate
S10,0,1,0.8770,rest,vibrate
S10,0,1,0.9296,rest,vibrate
S10,0,1,0.9633,rest,vibrate
S10,0,0,0.0606,rest,no_vibrate
S10,0,0,0.3849,rest,no_vibrate
S10,0,0,0.2417,rest,no_vibrate
S10,0,0,0.0273,rest,no_vibrate
S10,0,0,0.0538,rest,no_vibrate
S10,0,0,0.0486,rest,no_vibrate
S10,0,0,0.1840,rest,no_vibrate
S10,0,0,0.0052,rest,no_vibrate
S10,0,0,0.0050,rest,no_vibrate
S10,0,0,0.0664,rest,no_vibrate
S10,0,0,0.0147,rest,no_vibrate
S10,0,0,0.0136,rest,no_vibrate
S10,0,1,0.6190,rest,vibrate
S10,0,0,0.0494,rest,no_vibrate
S10,0,0,0.0582,rest,no_vibrate
S10,0,0,0.0690,rest,no_vibrate
S10,0,0,0.0145,rest,no_vibrate
S10,0,1,0.7724,rest,vibrate
S10,0,0,0.0118,rest,no_vibrate
S10,0,0,0.0077,rest,no_vibrate
S10,0,0,0.0138,rest,no_vibrate
S10,0,0,0.0164,rest,no_vibrate
S10,0,0,0.1058,rest,no_vibrate
S10,0,0,0.0519,rest,no_vibrate
S10,0,0,0.0051,rest,no_vibrate
S10,0,0,0.0041,rest,no_vibrate
S10,0,0,0.0046,rest,no_vibrate
S10,0,0,0.1642,rest,no_vibrate
S10,0,1,0.6731,rest,vibrate
S10,0,0,0.0120,rest,no_vibrate
S10,0,0,0.0068,rest,no_vibrate
S10,0,0,0.0608,rest,no_vibrate
S10,0,0,0.3456,rest,no_vibrate
S10,0,0,0.2375,rest,no_vibrate
S10,0,0,0.0128,rest,no_vibrate
S10,0,0,0.0177,rest,no_vibrate
S10,0,0,0.0310,rest,no_vibrate
S10,0,0,0.0025,rest,no_vibrate
S10,0,0,0.1024,rest,no_vibrate
S10,0,0,0.0177,rest,no_vibrate
S10,0,0,0.0029,rest,no_vibrate
S10,0,0,0.0456,rest,no_vibrate
S10,0,0,0.0073,rest,no_vibrate
S10,0,0,0.0070,rest,no_vibrate
S10,0,0,0.0275,rest,no_vibrate
S10,0,0,0.0169,rest,no_vibrate
S10,0,0,0.0238,rest,no_vibrate
S10,0,0,0.0435,rest,no_vibrate
S10,0,0,0.0128,rest,no_vibrate
S10,0,0,0.0018,rest,no_vibrate
S10,0,0,0.0210,rest,no_vibrate
S10,0,0,0.0029,rest,no_vibrate
S10,0,0,0.0004,rest,no_vibrate
S10,0,0,0.0007,rest,no_vibrate
S10,0,0,0.0088,rest,no_vibrate
S10,0,0,0.0147,rest,no_vibrate
S10,0,0,0.0037,rest,no_vibrate
S10,0,0,0.0499,rest,no_vibrate
S10,0,0,0.4056,rest,no_vibrate
S10,0,0,0.0635,rest,no_vibrate
S10,0,0,0.0289,rest,no_vibrate
S10,0,0,0.0009,rest,no_vibrate
S10,0,0,0.0151,rest,no_vibrate
S10,0,0,0.3530,rest,no_vibrate
S10,0,0,0.0201,rest,no_vibrate
S10,0,0,0.0255,rest,no_vibrate
S13,1,0,0.0266,stress,no_vibrate
S13,1,1,0.9647,stress,vibrate
S13,1,1,0.6943,stress,vibrate
S13,1,1,0.6558,stress,vibrate
S13,1,1,0.7725,stress,vibrate
S13,1,1,0.9046,stress,vibrate
S13,1,1,0.9959,stress,vibrate
S13,1,1,0.9932,stress,vibrate
S13,1,1,0.9994,stress,vibrate
S13,1,1,0.9256,stress,vibrate
S13,1,0,0.0937,stress,no_vibrate
S13,1,1,0.8631,stress,vibrate
S13,1,1,0.6670,stress,vibrate
S13,1,0,0.4952,stress,no_vibrate
S13,1,1,0.7489,stress,vibrate
S13,1,1,0.6820,stress,vibrate
S13,1,1,0.9390,stress,vibrate
S13,1,1,0.5780,stress,vibrate
S13,1,1,0.8481,stress,vibrate
S13,1,1,0.9071,stress,vibrate
S13,1,1,0.5007,stress,vibrate
S13,1,0,0.2553,stress,no_vibrate
S13,1,0,0.1143,stress,no_vibrate
S13,1,0,0.0346,stress,no_vibrate
S13,1,0,0.2431,stress,no_vibrate
S13,1,0,0.0735,stress,no_vibrate
S13,1,0,0.0127,stress,no_vibrate
S13,1,0,0.0063,stress,no_vibrate
S13,1,0,0.0067,stress,no_vibrate
S13,1,0,0.3528,stress,no_vibrate
S13,1,0,0.3436,stress,no_vibrate
S13,0,1,0.9683,rest,vibrate
S13,0,1,0.8619,rest,vibrate
S13,0,1,0.9920,rest,vibrate
S13,0,1,0.6336,rest,vibrate
S13,0,1,0.9306,rest,vibrate
S13,0,1,0.7288,rest,vibrate
S13,0,0,0.2488,rest,no_vibrate
S13,0,0,0.0657,rest,no_vibrate
S13,0,0,0.0366,rest,no_vibrate
S13,0,0,0.3139,rest,no_vibrate
S13,0,0,0.3634,rest,no_vibrate
S13,0,1,0.6026,rest,vibrate
S13,0,1,0.6018,rest,vibrate
S13,0,0,0.0180,rest,no_vibrate
S13,0,0,0.2670,rest,no_vibrate
S13,0,1,0.5468,rest,vibrate
S13,0,1,0.8751,rest,vibrate
S13,0,0,0.0362,rest,no_vibrate
S13,0,0,0.1667,rest,no_vibrate
S13,0,0,0.0193,rest,no_vibrate
S13,0,0,0.0651,rest,no_vibrate
S13,0,0,0.3360,rest,no_vibrate
S13,0,0,0.4574,rest,no_vibrate
S13,0,1,0.5560,rest,vibrate
S13,0,0,0.1770,rest,no_vibrate
S13,0,0,0.0312,rest,no_vibrate
S13,0,0,0.0298,rest,no_vibrate
S13,0,1,0.8360,rest,vibrate
S13,0,0,0.3923,rest,no_vibrate
S13,0,0,0.0336,rest,no_vibrate
S13,0,0,0.0025,rest,no_vibrate
S13,0,0,0.0019,rest,no_vibrate
S13,0,0,0.0019,rest,no_vibrate
S13,0,0,0.0194,rest,no_vibrate
S13,0,0,0.1390,rest,no_vibrate
S13,0,0,0.0314,rest,no_vibrate
S13,0,0,0.0678,rest,no_vibrate
S13,0,0,0.0122,rest,no_vibrate
S13,0,0,0.0033,rest,no_vibrate
S13,0,0,0.2753,rest,no_vibrate
S13,0,0,0.1636,rest,no_vibrate
S13,0,0,0.0820,rest,no_vibrate
S13,0,0,0.0053,rest,no_vibrate
S13,0,0,0.0076,rest,no_vibrate
S13,0,0,0.0196,rest,no_vibrate
S13,0,0,0.0427,rest,no_vibrate
S13,0,0,0.0604,rest,no_vibrate
S13,0,0,0.0358,rest,no_vibrate
S13,0,0,0.0050,rest,no_vibrate
S13,0,0,0.0011,rest,no_vibrate
S13,0,0,0.0460,rest,no_vibrate
S13,0,0,0.2278,rest,no_vibrate
S13,0,0,0.0421,rest,no_vibrate
S13,0,0,0.0158,rest,no_vibrate
S13,0,0,0.0968,rest,no_vibrate
S13,0,0,0.0609,rest,no_vibrate
S13,0,0,0.0058,rest,no_vibrate
S13,0,0,0.0018,rest,no_vibrate
S13,0,0,0.0008,rest,no_vibrate
S13,0,0,0.0025,rest,no_vibrate
S13,0,0,0.0084,rest,no_vibrate
S13,0,0,0.0036,rest,no_vibrate
S13,0,0,0.0029,rest,no_vibrate
S13,0,0,0.0051,rest,no_vibrate
S13,0,0,0.0006,rest,no_vibrate
S13,0,0,0.0099,rest,no_vibrate
S13,0,0,0.2310,rest,no_vibrate
S13,0,0,0.1268,rest,no_vibrate
S13,0,0,0.0063,rest,no_vibrate
S13,0,0,0.0135,rest,no_vibrate
S13,0,1,0.9439,rest,vibrate
S13,0,0,0.3124,rest,no_vibrate
S13,0,0,0.1994,rest,no_vibrate
S14,1,1,0.9690,stress,vibrate
S14,1,1,0.8395,stress,vibrate
S14,1,1,0.9024,stress,vibrate
S14,1,1,0.9882,stress,vibrate
S14,1,1,0.9976,stress,vibrate
S14,1,1,0.9947,stress,vibrate
S14,1,1,0.9991,stress,vibrate
S14,1,1,0.9941,stress,vibrate
S14,1,1,0.9439,stress,vibrate
S14,1,1,0.9461,stress,vibrate
S14,1,1,0.8801,stress,vibrate
S14,1,1,0.9476,stress,vibrate
S14,1,1,0.9875,stress,vibrate
S14,1,1,0.9976,stress,vibrate
S14,1,1,0.9960,stress,vibrate
S14,1,1,0.9429,stress,vibrate
S14,1,1,0.8610,stress,vibrate
S14,1,0,0.4242,stress,no_vibrate
S14,1,0,0.2408,stress,no_vibrate
S14,1,1,0.9391,stress,vibrate
S14,1,1,0.9915,stress,vibrate
S14,1,1,0.5436,stress,vibrate
S14,1,0,0.3514,stress,no_vibrate
S14,1,1,0.9719,stress,vibrate
S14,1,1,0.9304,stress,vibrate
S14,1,1,0.9865,stress,vibrate
S14,1,0,0.0878,stress,no_vibrate
S14,1,1,0.6616,stress,vibrate
S14,1,0,0.3301,stress,no_vibrate
S14,0,0,0.2211,rest,no_vibrate
S14,0,1,0.6039,rest,vibrate
S14,0,0,0.1505,rest,no_vibrate
S14,0,0,0.2626,rest,no_vibrate
S14,0,0,0.0386,rest,no_vibrate
S14,0,1,0.5390,rest,vibrate
S14,0,1,0.6527,rest,vibrate
S14,0,0,0.3926,rest,no_vibrate
S14,0,0,0.4605,rest,no_vibrate
S14,0,1,0.8919,rest,vibrate
S14,0,1,0.7902,rest,vibrate
S14,0,1,0.8150,rest,vibrate
S14,0,0,0.0863,rest,no_vibrate
S14,0,0,0.2284,rest,no_vibrate
S14,0,0,0.1063,rest,no_vibrate
S14,0,0,0.0937,rest,no_vibrate
S14,0,0,0.1456,rest,no_vibrate
S14,0,0,0.0279,rest,no_vibrate
S14,0,0,0.0047,rest,no_vibrate
S14,0,0,0.0531,rest,no_vibrate
S14,0,0,0.0163,rest,no_vibrate
S14,0,0,0.0522,rest,no_vibrate
S14,0,0,0.4919,rest,no_vibrate
S14,0,0,0.3432,rest,no_vibrate
S14,0,0,0.1939,rest,no_vibrate
S14,0,0,0.0797,rest,no_vibrate
S14,0,0,0.0018,rest,no_vibrate
S14,0,0,0.0037,rest,no_vibrate
S14,0,0,0.0102,rest,no_vibrate
S14,0,0,0.0028,rest,no_vibrate
S14,0,0,0.0171,rest,no_vibrate
S14,0,0,0.0168,rest,no_vibrate
S14,0,0,0.0034,rest,no_vibrate
S14,0,0,0.0026,rest,no_vibrate
S14,0,0,0.0035,rest,no_vibrate
S14,0,0,0.0237,rest,no_vibrate
S14,0,0,0.0018,rest,no_vibrate
S14,0,0,0.0012,rest,no_vibrate
S14,0,0,0.0087,rest,no_vibrate
S14,0,0,0.0310,rest,no_vibrate
S14,0,0,0.1040,rest,no_vibrate
S14,0,0,0.0019,rest,no_vibrate
S14,0,0,0.1500,rest,no_vibrate
S14,0,0,0.4140,rest,no_vibrate
S14,0,0,0.3201,rest,no_vibrate
S14,0,0,0.0405,rest,no_vibrate
S14,0,0,0.0243,rest,no_vibrate
S14,0,0,0.2317,rest,no_vibrate
S14,0,1,0.6350,rest,vibrate
S14,0,1,0.8187,rest,vibrate
S14,0,0,0.0547,rest,no_vibrate
S14,0,0,0.0068,rest,no_vibrate
S14,0,0,0.0998,rest,no_vibrate
S14,0,0,0.0008,rest,no_vibrate
S14,0,0,0.0002,rest,no_vibrate
S14,0,0,0.0007,rest,no_vibrate
S14,0,0,0.0013,rest,no_vibrate
S14,0,0,0.0023,rest,no_vibrate
S14,0,0,0.0004,rest,no_vibrate
S14,0,0,0.0007,rest,no_vibrate
S14,0,0,0.0047,rest,no_vibrate
S14,0,0,0.0029,rest,no_vibrate
S14,0,0,0.0007,rest,no_vibrate
S14,0,0,0.0016,rest,no_vibrate
S14,0,0,0.0035,rest,no_vibrate
S14,0,0,0.0010,rest,no_vibrate
S14,0,0,0.0005,rest,no_vibrate
S14,0,0,0.0026,rest,no_vibrate
S14,0,0,0.0021,rest,no_vibrate
S14,0,0,0.0159,rest,no_vibrate
S14,0,0,0.0093,rest,no_vibrate
S14,0,0,0.0080,rest,no_vibrate
S14,0,0,0.0007,rest,no_vibrate
S14,0,0,0.0848,rest,no_vibrate
S14,0,0,0.0292,rest,no_vibrate
S14,0,0,0.0027,rest,no_vibrate
S14,0,0,0.0464,rest,no_vibrate
f09,1,0,0.3633,stress,no_vibrate
f09,1,0,0.3274,stress,no_vibrate
f09,1,1,0.6199,stress,vibrate
f09,1,0,0.0992,stress,no_vibrate
f09,1,0,0.3143,stress,no_vibrate
f09,1,0,0.0406,stress,no_vibrate
f09,1,0,0.1167,stress,no_vibrate
f09,1,0,0.2595,stress,no_vibrate
f09,1,0,0.2021,stress,no_vibrate
f09,1,1,0.6604,stress,vibrate
f09,1,1,0.7763,stress,vibrate
f09,1,0,0.2725,stress,no_vibrate
f09,1,1,0.6767,stress,vibrate
f09,1,1,0.9788,stress,vibrate
f09,1,1,0.9216,stress,vibrate
f09,1,1,0.9847,stress,vibrate
f09,1,1,0.8320,stress,vibrate
f09,1,1,0.9498,stress,vibrate
f09,1,1,0.9943,stress,vibrate
f09,1,1,0.9965,stress,vibrate
f09,1,1,0.9803,stress,vibrate
f09,1,1,0.9647,stress,vibrate
f09,1,1,0.9800,stress,vibrate
f09,1,1,0.8953,stress,vibrate
f09,1,1,0.8901,stress,vibrate
f09,1,1,0.9996,stress,vibrate
f09,1,1,0.9828,stress,vibrate
f09,1,0,0.3011,stress,no_vibrate
f09,1,1,0.7770,stress,vibrate
f09,1,1,0.9809,stress,vibrate
f09,1,1,0.8448,stress,vibrate
f09,1,1,0.5793,stress,vibrate
f09,1,0,0.4944,stress,no_vibrate
f09,0,1,0.6222,rest,vibrate
f09,0,1,0.6755,rest,vibrate
f09,0,1,0.8739,rest,vibrate
f09,0,0,0.3850,rest,no_vibrate
f09,0,1,0.8326,rest,vibrate
f09,0,0,0.4088,rest,no_vibrate
f09,0,1,0.8181,rest,vibrate
f09,0,0,0.4534,rest,no_vibrate
f09,0,1,0.9074,rest,vibrate
f09,0,0,0.1569,rest,no_vibrate
f09,0,0,0.1458,rest,no_vibrate
f09,0,0,0.1245,rest,no_vibrate
f09,0,0,0.0587,rest,no_vibrate
f09,0,0,0.0547,rest,no_vibrate
f09,0,1,0.9377,rest,vibrate
f09,0,0,0.1820,rest,no_vibrate
f09,0,0,0.1196,rest,no_vibrate
f09,0,0,0.0399,rest,no_vibrate
f09,0,0,0.0957,rest,no_vibrate
f09,0,0,0.0763,rest,no_vibrate
f09,0,0,0.0026,rest,no_vibrate
f09,0,0,0.0018,rest,no_vibrate
f09,0,0,0.0022,rest,no_vibrate
f09,0,0,0.0550,rest,no_vibrate
f09,0,0,0.0636,rest,no_vibrate
f09,0,0,0.0086,rest,no_vibrate
f09,0,0,0.0032,rest,no_vibrate
f09,0,0,0.0521,rest,no_vibrate
f09,0,1,0.7532,rest,vibrate
f09,0,0,0.0258,rest,no_vibrate
f09,0,0,0.0454,rest,no_vibrate
f09,0,0,0.0700,rest,no_vibrate
f09,0,0,0.0113,rest,no_vibrate
f09,0,0,0.0621,rest,no_vibrate
f09,0,0,0.0336,rest,no_vibrate
f09,0,0,0.1506,rest,no_vibrate
f09,0,0,0.0612,rest,no_vibrate
f09,0,0,0.0535,rest,no_vibrate
f09,0,0,0.1585,rest,no_vibrate
f09,0,0,0.0270,rest,no_vibrate
f09,0,0,0.0143,rest,no_vibrate
f09,0,0,0.0014,rest,no_vibrate
f09,0,0,0.0934,rest,no_vibrate
f09,0,0,0.1265,rest,no_vibrate
f09,0,0,0.0914,rest,no_vibrate
f09,0,0,0.2627,rest,no_vibrate
f09,0,0,0.3189,rest,no_vibrate
f09,0,0,0.3426,rest,no_vibrate
f09,0,0,0.0539,rest,no_vibrate
f09,0,0,0.0288,rest,no_vibrate
f09,0,0,0.1532,rest,no_vibrate
f09,0,0,0.1122,rest,no_vibrate
f09,0,0,0.0756,rest,no_vibrate
f09,0,0,0.0914,rest,no_vibrate
f09,0,0,0.0210,rest,no_vibrate
f09,0,0,0.0030,rest,no_vibrate
f09,0,0,0.2371,rest,no_vibrate
f09,0,0,0.0524,rest,no_vibrate
f09,0,0,0.0281,rest,no_vibrate
f09,0,0,0.1703,rest,no_vibrate
f09,0,0,0.0378,rest,no_vibrate
f09,0,0,0.0211,rest,no_vibrate
f09,0,0,0.0201,rest,no_vibrate
f09,0,0,0.0066,rest,no_vibrate
f09,0,0,0.0056,rest,no_vibrate
f09,0,0,0.3328,rest,no_vibrate
f09,0,0,0.4611,rest,no_vibrate
f09,0,0,0.0054,rest,no_vibrate
f09,0,0,0.0054,rest,no_vibrate
f09,0,0,0.0022,rest,no_vibrate
f09,0,0,0.0073,rest,no_vibrate
f09,0,0,0.0145,rest,no_vibrate
f09,0,0,0.0613,rest,no_vibrate
f09,0,0,0.0183,rest,no_vibrate
f09,0,0,0.0083,rest,no_vibrate
f09,0,0,0.0028,rest,no_vibrate
f09,0,0,0.0058,rest,no_vibrate
f09,0,0,0.0955,rest,no_vibrate
f09,0,0,0.0636,rest,no_vibrate
f09,0,0,0.0156,rest,no_vibrate
f09,0,0,0.0092,rest,no_vibrate
f09,0,0,0.0579,rest,no_vibrate
f09,0,0,0.0257,rest,no_vibrate
f09,0,0,0.0183,rest,no_vibrate
f09,0,0,0.0314,rest,no_vibrate
f09,0,0,0.2238,rest,no_vibrate
f09,0,1,0.6794,rest,vibrate
f09,0,0,0.4631,rest,no_vibrate
f09,0,1,0.7264,rest,vibrate
f09,0,0,0.0268,rest,no_vibrate
f09,0,0,0.0986,rest,no_vibrate
f09,0,0,0.1182,rest,no_vibrate
f09,0,0,0.0327,rest,no_vibrate
f09,0,0,0.0046,rest,no_vibrate
f09,0,0,0.0105,rest,no_vibrate
f09,0,0,0.0640,rest,no_vibrate
f09,0,0,0.1073,rest,no_vibrate
f09,0,0,0.0084,rest,no_vibrate
f09,0,0,0.0366,rest,no_vibrate
f09,0,0,0.0108,rest,no_vibrate
f09,0,0,0.0338,rest,no_vibrate
f09,0,0,0.0613,rest,no_vibrate
f09,0,0,0.0628,rest,no_vibrate
f09,0,0,0.1522,rest,no_vibrate
f09,0,0,0.2441,rest,no_vibrate
f09,0,0,0.1037,rest,no_vibrate
f09,0,1,0.7875,rest,vibrate
f09,0,1,0.8167,rest,vibrate
f09,0,0,0.0654,rest,no_vibrate
f09,0,0,0.0527,rest,no_vibrate
f09,0,0,0.0240,rest,no_vibrate
f09,0,0,0.0821,rest,no_vibrate
f09,0,0,0.0196,rest,no_vibrate
f09,0,0,0.0154,rest,no_vibrate
f09,0,0,0.3276,rest,no_vibrate
f09,0,0,0.3126,rest,no_vibrate
f09,0,0,0.4696,rest,no_vibrate
f09,0,1,0.9039,rest,vibrate
f09,0,0,0.2208,rest,no_vibrate
f09,0,0,0.3256,rest,no_vibrate
f09,0,1,0.9589,rest,vibrate
f09,0,1,0.8612,rest,vibrate
f09,0,1,0.6372,rest,vibrate
f09,0,0,0.0700,rest,no_vibrate
f09,0,0,0.0414,rest,no_vibrate
f09,0,1,0.7922,rest,vibrate
f09,0,0,0.0239,rest,no_vibrate
f09,0,0,0.0176,rest,no_vibrate
f09,0,0,0.0564,rest,no_vibrate
f09,0,0,0.4871,rest,no_vibrate
f09,0,0,0.0102,rest,no_vibrate
f09,0,0,0.0091,rest,no_vibrate
f09,0,1,0.8819,rest,vibrate
f09,0,0,0.0251,rest,no_vibrate
f09,0,0,0.3679,rest,no_vibrate
f09,0,0,0.0333,rest,no_vibrate
f09,0,0,0.0322,rest,no_vibrate
f09,0,0,0.0056,rest,no_vibrate
f09,0,0,0.0059,rest,no_vibrate
f09,0,0,0.3537,rest,no_vibrate
f09,0,1,0.6857,rest,vibrate
f09,0,0,0.0660,rest,no_vibrate
f09,0,0,0.0049,rest,no_vibrate
f09,0,0,0.0066,rest,no_vibrate
f09,0,0,0.0007,rest,no_vibrate
f09,0,0,0.0041,rest,no_vibrate
f09,0,0,0.0178,rest,no_vibrate
f09,0,0,0.0914,rest,no_vibrate
f09,0,0,0.0283,rest,no_vibrate
f09,0,0,0.1166,rest,no_vibrate
f09,0,0,0.0095,rest,no_vibrate
f09,0,0,0.1951,rest,no_vibrate
f09,0,0,0.0433,rest,no_vibrate
f09,0,0,0.0062,rest,no_vibrate
f09,0,0,0.0607,rest,no_vibrate
f09,0,0,0.2940,rest,no_vibrate
f09,0,0,0.4558,rest,no_vibrate
f09,0,0,0.1072,rest,no_vibrate
f09,0,0,0.0078,rest,no_vibrate
f09,0,0,0.0077,rest,no_vibrate
f09,0,1,0.8484,rest,vibrate
f09,0,0,0.2333,rest,no_vibrate
f09,0,0,0.1015,rest,no_vibrate
f09,0,0,0.0331,rest,no_vibrate
f09,0,0,0.3168,rest,no_vibrate
f09,0,0,0.0631,rest,no_vibrate
f09,0,0,0.0598,rest,no_vibrate
f11,1,1,0.5768,stress,vibrate
f11,1,1,0.8786,stress,vibrate
f11,1,1,0.8543,stress,vibrate
f11,1,1,0.9528,stress,vibrate
f11,1,1,0.5205,stress,vibrate
f11,1,1,0.9159,stress,vibrate
f11,1,1,0.9618,stress,vibrate
f11,1,1,0.7411,stress,vibrate
f11,1,0,0.4473,stress,no_vibrate
f11,1,1,0.6610,stress,vibrate
f11,1,0,0.2469,stress,no_vibrate
f11,1,1,0.9293,stress,vibrate
f11,1,1,0.9734,stress,vibrate
f11,1,1,0.9803,stress,vibrate
f11,1,1,0.9915,stress,vibrate
f11,1,1,0.9844,stress,vibrate
f11,1,1,0.9986,stress,vibrate
f11,1,1,0.9995,stress,vibrate
f11,1,1,0.9959,stress,vibrate
f11,1,1,0.9981,stress,vibrate
f11,1,1,0.9967,stress,vibrate
f11,1,1,0.9893,stress,vibrate
f11,1,1,0.8418,stress,vibrate
f11,1,1,0.8611,stress,vibrate
f11,1,1,0.5261,stress,vibrate
f11,1,1,0.9072,stress,vibrate
f11,1,1,0.9954,stress,vibrate
f11,1,1,0.9787,stress,vibrate
f11,1,1,0.9965,stress,vibrate
f11,1,1,0.9996,stress,vibrate
f11,1,1,0.9840,stress,vibrate
f11,1,1,0.9979,stress,vibrate
f11,1,1,0.9963,stress,vibrate
f11,1,1,0.9992,stress,vibrate
f11,1,1,0.9994,stress,vibrate
f11,0,1,0.5862,rest,vibrate
f11,0,1,0.9559,rest,vibrate
f11,0,1,0.9109,rest,vibrate
f11,0,1,0.7811,rest,vibrate
f11,0,1,0.9486,rest,vibrate
f11,0,1,0.9939,rest,vibrate
f11,0,1,0.9197,rest,vibrate
f11,0,1,0.9943,rest,vibrate
f11,0,1,0.8761,rest,vibrate
f11,0,1,0.9617,rest,vibrate
f11,0,0,0.3090,rest,no_vibrate
f11,0,0,0.0079,rest,no_vibrate
f11,0,0,0.1343,rest,no_vibrate
f11,0,1,0.8016,rest,vibrate
f11,0,0,0.0226,rest,no_vibrate
f11,0,0,0.0324,rest,no_vibrate
f11,0,0,0.0442,rest,no_vibrate
f11,0,0,0.0193,rest,no_vibrate
f11,0,0,0.0054,rest,no_vibrate
f11,0,0,0.0050,rest,no_vibrate
f11,0,0,0.0080,rest,no_vibrate
f11,0,0,0.0032,rest,no_vibrate
f11,0,0,0.0268,rest,no_vibrate
f11,0,0,0.2874,rest,no_vibrate
f11,0,1,0.8111,rest,vibrate
f11,0,0,0.4217,rest,no_vibrate
f11,0,0,0.0239,rest,no_vibrate
f11,0,0,0.0164,rest,no_vibrate
f11,0,0,0.0914,rest,no_vibrate
f11,0,0,0.2140,rest,no_vibrate
f11,0,0,0.1019,rest,no_vibrate
f11,0,1,0.5238,rest,vibrate
f11,0,1,0.7977,rest,vibrate
f11,0,1,0.7024,rest,vibrate
f11,0,0,0.0438,rest,no_vibrate
f11,0,0,0.0340,rest,no_vibrate
f11,0,0,0.0146,rest,no_vibrate
f11,0,0,0.0343,rest,no_vibrate
f11,0,0,0.1163,rest,no_vibrate
f11,0,0,0.0401,rest,no_vibrate
f11,0,0,0.0646,rest,no_vibrate
f11,0,0,0.1140,rest,no_vibrate
f11,0,0,0.0680,rest,no_vibrate
f11,0,0,0.0034,rest,no_vibrate
f11,0,0,0.0143,rest,no_vibrate
f11,0,0,0.3922,rest,no_vibrate
f11,0,1,0.8140,rest,vibrate
f11,0,0,0.2416,rest,no_vibrate
f11,0,0,0.0459,rest,no_vibrate
f11,0,1,0.9723,rest,vibrate
f11,0,0,0.2858,rest,no_vibrate
f11,0,0,0.1179,rest,no_vibrate
f11,0,0,0.2369,rest,no_vibrate
f11,0,0,0.0185,rest,no_vibrate
f11,0,0,0.0020,rest,no_vibrate
f11,0,0,0.0151,rest,no_vibrate
f11,0,0,0.0060,rest,no_vibrate
f11,0,0,0.0256,rest,no_vibrate
f11,0,0,0.0211,rest,no_vibrate
f11,0,0,0.0036,rest,no_vibrate
f11,0,0,0.0067,rest,no_vibrate
f11,0,0,0.0155,rest,no_vibrate
f11,0,0,0.0071,rest,no_vibrate
f11,0,0,0.0121,rest,no_vibrate
f11,0,0,0.0174,rest,no_vibrate
f11,0,0,0.0028,rest,no_vibrate
f11,0,0,0.0124,rest,no_vibrate
f11,0,0,0.0040,rest,no_vibrate
f11,0,0,0.0020,rest,no_vibrate
f11,0,1,0.6429,rest,vibrate
f11,0,0,0.3273,rest,no_vibrate
f11,0,0,0.0216,rest,no_vibrate
f11,0,0,0.0236,rest,no_vibrate
f11,0,1,0.6738,rest,vibrate
f11,0,0,0.0793,rest,no_vibrate
f11,0,0,0.0057,rest,no_vibrate
f11,0,0,0.0065,rest,no_vibrate
f11,0,0,0.0174,rest,no_vibrate
f11,0,0,0.2224,rest,no_vibrate
f11,0,0,0.1006,rest,no_vibrate
f11,0,0,0.0263,rest,no_vibrate
f11,0,0,0.0247,rest,no_vibrate
f11,0,0,0.0169,rest,no_vibrate
f11,0,0,0.3453,rest,no_vibrate
f11,0,0,0.0109,rest,no_vibrate
f11,0,0,0.0008,rest,no_vibrate
f11,0,0,0.0388,rest,no_vibrate
f11,0,0,0.1382,rest,no_vibrate
f11,0,0,0.1825,rest,no_vibrate
f11,0,0,0.0743,rest,no_vibrate
f11,0,1,0.5254,rest,vibrate
f11,0,0,0.0576,rest,no_vibrate
f11,0,0,0.0103,rest,no_vibrate
f11,0,0,0.0073,rest,no_vibrate
f11,0,0,0.0297,rest,no_vibrate
f11,0,0,0.0145,rest,no_vibrate
f11,0,0,0.0303,rest,no_vibrate
f11,0,0,0.0318,rest,no_vibrate
f11,0,0,0.0972,rest,no_vibrate
f11,0,0,0.0275,rest,no_vibrate
f11,0,0,0.0014,rest,no_vibrate
f11,0,0,0.0281,rest,no_vibrate
f11,0,0,0.0475,rest,no_vibrate
f11,0,1,0.7609,rest,vibrate
f11,0,0,0.1643,rest,no_vibrate
f11,0,0,0.4408,rest,no_vibrate
f11,0,0,0.0033,rest,no_vibrate
f11,0,0,0.0180,rest,no_vibrate
f11,0,0,0.1456,rest,no_vibrate
f11,0,0,0.1211,rest,no_vibrate
f11,0,0,0.0398,rest,no_vibrate
f11,0,0,0.0057,rest,no_vibrate
f11,0,0,0.0014,rest,no_vibrate
f11,0,0,0.0014,rest,no_vibrate
f11,0,0,0.0022,rest,no_vibrate
f11,0,0,0.2658,rest,no_vibrate
f11,0,0,0.1463,rest,no_vibrate
f11,0,0,0.0132,rest,no_vibrate
f11,0,0,0.0031,rest,no_vibrate
f11,0,0,0.0158,rest,no_vibrate
f11,0,0,0.0141,rest,no_vibrate
f11,0,0,0.0115,rest,no_vibrate
f11,0,0,0.0283,rest,no_vibrate
f11,0,0,0.0259,rest,no_vibrate
f11,0,0,0.0378,rest,no_vibrate
f11,0,0,0.0596,rest,no_vibrate
f11,0,0,0.0926,rest,no_vibrate
f11,0,1,0.5716,rest,vibrate
f11,0,0,0.0354,rest,no_vibrate
f11,0,0,0.2155,rest,no_vibrate
f11,0,0,0.2104,rest,no_vibrate
f11,0,1,0.8405,rest,vibrate
f11,0,0,0.4819,rest,no_vibrate
f11,0,0,0.0454,rest,no_vibrate
f11,0,0,0.0638,rest,no_vibrate
f11,0,0,0.0187,rest,no_vibrate
f11,0,0,0.0153,rest,no_vibrate
f11,0,0,0.0012,rest,no_vibrate
f11,0,0,0.0012,rest,no_vibrate
f11,0,0,0.0014,rest,no_vibrate
f11,0,0,0.0010,rest,no_vibrate
f11,0,0,0.0010,rest,no_vibrate
f11,0,0,0.0021,rest,no_vibrate
f11,0,0,0.0046,rest,no_vibrate
f11,0,0,0.0013,rest,no_vibrate
f11,0,0,0.0062,rest,no_vibrate
f11,0,0,0.0049,rest,no_vibrate
f11,0,0,0.0093,rest,no_vibrate
f11,0,0,0.0453,rest,no_vibrate
f11,0,0,0.0291,rest,no_vibrate
f11,0,0,0.0165,rest,no_vibrate
f11,0,0,0.0326,rest,no_vibrate
f11,0,0,0.0179,rest,no_vibrate
f11,0,0,0.0099,rest,no_vibrate
f11,0,0,0.0101,rest,no_vibrate
f11,0,0,0.0018,rest,no_vibrate
f11,0,0,0.0050,rest,no_vibrate
f11,0,0,0.0024,rest,no_vibrate
f11,0,0,0.0015,rest,no_vibrate
f11,0,0,0.0019,rest,no_vibrate
f11,0,0,0.0014,rest,no_vibrate
f11,0,0,0.0012,rest,no_vibrate
f11,0,0,0.0136,rest,no_vibrate
f11,0,0,0.0112,rest,no_vibrate
f11,0,0,0.0064,rest,no_vibrate
f11,0,0,0.0529,rest,no_vibrate
f11,0,0,0.0959,rest,no_vibrate
f11,0,0,0.2086,rest,no_vibrate
f11,0,0,0.2465,rest,no_vibrate
f11,0,1,0.5163,rest,vibrate
f12,1,0,0.0542,stress,no_vibrate
f12,1,0,0.0225,stress,no_vibrate
f12,1,0,0.0116,stress,no_vibrate
f12,1,0,0.0323,stress,no_vibrate
f12,1,0,0.0142,stress,no_vibrate
f12,1,0,0.0139,stress,no_vibrate
f12,1,0,0.0231,stress,no_vibrate
f12,1,0,0.2866,stress,no_vibrate
f12,1,1,0.9027,stress,vibrate
f12,1,1,0.7500,stress,vibrate
f12,1,0,0.2411,stress,no_vibrate
f12,1,1,0.9625,stress,vibrate
f12,1,1,0.9726,stress,vibrate
f12,1,1,0.9531,stress,vibrate
f12,1,1,0.9483,stress,vibrate
f12,1,1,0.7868,stress,vibrate
f12,1,0,0.4420,stress,no_vibrate
f12,1,1,0.7759,stress,vibrate
f12,1,1,0.8812,stress,vibrate
f12,1,1,0.9669,stress,vibrate
f12,1,1,0.8450,stress,vibrate
f12,1,1,0.7322,stress,vibrate
f12,1,1,0.7576,stress,vibrate
f12,1,0,0.4798,stress,no_vibrate
f12,1,1,0.6177,stress,vibrate
f12,1,0,0.1033,stress,no_vibrate
f12,1,0,0.1386,stress,no_vibrate
f12,1,0,0.0398,stress,no_vibrate
f12,1,0,0.4958,stress,no_vibrate
f12,1,0,0.0614,stress,no_vibrate
f12,1,0,0.0875,stress,no_vibrate
f12,0,0,0.2245,rest,no_vibrate
f12,0,1,0.5889,rest,vibrate
f12,0,1,0.9112,rest,vibrate
f12,0,0,0.3811,rest,no_vibrate
f12,0,0,0.4185,rest,no_vibrate
f12,0,1,0.8346,rest,vibrate
f12,0,0,0.1594,rest,no_vibrate
f12,0,0,0.0282,rest,no_vibrate
f12,0,1,0.5662,rest,vibrate
f12,0,0,0.3447,rest,no_vibrate
f12,0,1,0.7491,rest,vibrate
f12,0,1,0.8533,rest,vibrate
f12,0,1,0.8483,rest,vibrate
f12,0,0,0.3130,rest,no_vibrate
f12,0,0,0.4453,rest,no_vibrate
f12,0,0,0.1000,rest,no_vibrate
f12,0,0,0.2109,rest,no_vibrate
f12,0,1,0.6863,rest,vibrate
f12,0,0,0.0224,rest,no_vibrate
f12,0,0,0.0086,rest,no_vibrate
f12,0,0,0.0118,rest,no_vibrate
f12,0,0,0.0607,rest,no_vibrate
f12,0,0,0.1274,rest,no_vibrate
f12,0,0,0.0179,rest,no_vibrate
f12,0,0,0.0385,rest,no_vibrate
f12,0,0,0.0311,rest,no_vibrate
f12,0,0,0.0209,rest,no_vibrate
f12,0,0,0.1250,rest,no_vibrate
f12,0,0,0.2127,rest,no_vibrate
f12,0,0,0.0300,rest,no_vibrate
f12,0,0,0.3272,rest,no_vibrate
f12,0,0,0.0520,rest,no_vibrate
f12,0,0,0.1087,rest,no_vibrate
f12,0,0,0.0617,rest,no_vibrate
f12,0,0,0.0187,rest,no_vibrate
f12,0,0,0.2109,rest,no_vibrate
f12,0,0,0.1581,rest,no_vibrate
f12,0,0,0.4324,rest,no_vibrate
f12,0,1,0.5842,rest,vibrate
f12,0,0,0.2385,rest,no_vibrate
f12,0,0,0.1357,rest,no_vibrate
f12,0,0,0.0800,rest,no_vibrate
f12,0,0,0.4166,rest,no_vibrate
f12,0,1,0.5932,rest,vibrate
f12,0,0,0.3870,rest,no_vibrate
f12,0,0,0.2049,rest,no_vibrate
f12,0,0,0.2921,rest,no_vibrate
f12,0,0,0.0924,rest,no_vibrate
f12,0,0,0.0528,rest,no_vibrate
f12,0,0,0.2051,rest,no_vibrate
f12,0,0,0.0053,rest,no_vibrate
f12,0,0,0.0082,rest,no_vibrate
f12,0,0,0.0182,rest,no_vibrate
f12,0,0,0.0104,rest,no_vibrate
f12,0,0,0.0108,rest,no_vibrate
f12,0,0,0.0012,rest,no_vibrate
f12,0,0,0.0008,rest,no_vibrate
f12,0,0,0.0028,rest,no_vibrate
f12,0,0,0.0023,rest,no_vibrate
f12,0,0,0.0030,rest,no_vibrate
f12,0,0,0.0035,rest,no_vibrate
f12,0,0,0.0053,rest,no_vibrate
f12,0,0,0.0147,rest,no_vibrate
f12,0,0,0.0612,rest,no_vibrate
f12,0,0,0.0083,rest,no_vibrate
f12,0,0,0.0145,rest,no_vibrate
f12,0,0,0.0236,rest,no_vibrate
f12,0,0,0.0631,rest,no_vibrate
f12,0,0,0.0217,rest,no_vibrate
f12,0,0,0.0162,rest,no_vibrate
f12,0,0,0.0082,rest,no_vibrate
f12,0,0,0.0064,rest,no_vibrate
f12,0,0,0.0016,rest,no_vibrate
f12,0,0,0.0022,rest,no_vibrate
f12,0,0,0.0080,rest,no_vibrate
f12,0,0,0.0307,rest,no_vibrate
f12,0,0,0.0349,rest,no_vibrate
f12,0,0,0.0018,rest,no_vibrate
f12,0,0,0.0047,rest,no_vibrate
f12,0,0,0.0053,rest,no_vibrate
f12,0,0,0.0103,rest,no_vibrate
f12,0,0,0.0270,rest,no_vibrate
f12,0,0,0.0042,rest,no_vibrate
f12,0,0,0.0018,rest,no_vibrate
f12,0,0,0.0377,rest,no_vibrate
f12,0,0,0.0055,rest,no_vibrate
f12,0,0,0.0169,rest,no_vibrate
f12,0,0,0.0158,rest,no_vibrate
f12,0,0,0.2160,rest,no_vibrate
f12,0,0,0.0568,rest,no_vibrate
f12,0,0,0.2024,rest,no_vibrate
f12,0,0,0.4492,rest,no_vibrate
f12,0,1,0.6542,rest,vibrate
f12,0,0,0.0597,rest,no_vibrate
f12,0,0,0.0198,rest,no_vibrate
f12,0,0,0.0701,rest,no_vibrate
f12,0,0,0.0045,rest,no_vibrate
f12,0,0,0.0003,rest,no_vibrate
f12,0,0,0.0014,rest,no_vibrate
f12,0,0,0.0107,rest,no_vibrate
f12,0,0,0.0096,rest,no_vibrate
f12,0,0,0.0168,rest,no_vibrate
f12,0,0,0.1505,rest,no_vibrate
f12,0,0,0.0853,rest,no_vibrate
f12,0,0,0.0930,rest,no_vibrate
f12,0,0,0.0433,rest,no_vibrate
f12,0,0,0.1732,rest,no_vibrate
f12,0,0,0.2957,rest,no_vibrate
f12,0,0,0.1710,rest,no_vibrate
f12,0,0,0.0996,rest,no_vibrate
f12,0,0,0.1254,rest,no_vibrate
f12,0,0,0.0096,rest,no_vibrate
f12,0,0,0.0344,rest,no_vibrate
f12,0,1,0.9710,rest,vibrate
f12,0,0,0.1293,rest,no_vibrate
f12,0,0,0.2106,rest,no_vibrate
f12,0,0,0.2752,rest,no_vibrate
f12,0,0,0.4823,rest,no_vibrate
f12,0,0,0.1949,rest,no_vibrate
f12,0,0,0.0528,rest,no_vibrate
f12,0,0,0.0479,rest,no_vibrate
f12,0,0,0.0009,rest,no_vibrate
f12,0,0,0.0024,rest,no_vibrate
f12,0,0,0.0017,rest,no_vibrate
f12,0,0,0.0073,rest,no_vibrate
f12,0,0,0.0028,rest,no_vibrate
f12,0,0,0.0006,rest,no_vibrate
f12,0,0,0.0019,rest,no_vibrate
f12,0,0,0.0005,rest,no_vibrate
f12,0,0,0.0008,rest,no_vibrate
f12,0,0,0.0055,rest,no_vibrate
f12,0,0,0.1194,rest,no_vibrate
f12,0,0,0.0268,rest,no_vibrate
f12,0,0,0.0079,rest,no_vibrate
f12,0,0,0.0430,rest,no_vibrate
f12,0,0,0.0930,rest,no_vibrate
f12,0,0,0.0815,rest,no_vibrate
f12,0,0,0.3940,rest,no_vibrate
f12,0,0,0.0295,rest,no_vibrate
f12,0,0,0.0334,rest,no_vibrate
f12,0,0,0.3293,rest,no_vibrate
f12,0,0,0.1999,rest,no_vibrate
f12,0,0,0.1018,rest,no_vibrate
f12,0,0,0.0527,rest,no_vibrate
f12,0,0,0.0098,rest,no_vibrate
f12,0,0,0.0208,rest,no_vibrate
f12,0,0,0.0315,rest,no_vibrate
f12,0,0,0.0562,rest,no_vibrate
f12,0,0,0.3509,rest,no_vibrate
f12,0,0,0.1102,rest,no_vibrate
f12,0,0,0.0114,rest,no_vibrate
f12,0,0,0.0219,rest,no_vibrate
f12,0,0,0.0310,rest,no_vibrate
f12,0,0,0.0125,rest,no_vibrate
f12,0,0,0.0107,rest,no_vibrate
f12,0,0,0.0282,rest,no_vibrate
f12,0,0,0.0037,rest,no_vibrate
f12,0,0,0.0011,rest,no_vibrate
f12,0,0,0.0067,rest,no_vibrate
f12,0,0,0.0033,rest,no_vibrate
f12,0,0,0.0016,rest,no_vibrate
f12,0,0,0.0092,rest,no_vibrate
f12,0,0,0.0042,rest,no_vibrate
f12,0,0,0.0030,rest,no_vibrate
f12,0,0,0.0073,rest,no_vibrate
f12,0,0,0.0032,rest,no_vibrate
f12,0,0,0.0240,rest,no_vibrate
f12,0,1,0.8846,rest,vibrate
f12,0,1,0.8019,rest,vibrate
f12,0,0,0.0050,rest,no_vibrate
f12,0,0,0.0052,rest,no_vibrate
f12,0,0,0.0025,rest,no_vibrate
f15,1,1,0.6225,stress,vibrate
f15,1,0,0.3551,stress,no_vibrate
f15,1,0,0.2410,stress,no_vibrate
f15,1,0,0.1831,stress,no_vibrate
f15,1,0,0.3251,stress,no_vibrate
f15,1,0,0.0487,stress,no_vibrate
f15,1,1,0.8484,stress,vibrate
f15,1,1,0.6370,stress,vibrate
f15,1,1,0.9087,stress,vibrate
f15,1,1,0.9330,stress,vibrate
f15,1,1,0.8021,stress,vibrate
f15,1,0,0.1412,stress,no_vibrate
f15,1,0,0.1858,stress,no_vibrate
f15,1,0,0.1422,stress,no_vibrate
f15,1,0,0.0176,stress,no_vibrate
f15,1,0,0.1357,stress,no_vibrate
f15,1,1,0.7341,stress,vibrate
f15,1,1,0.8000,stress,vibrate
f15,1,1,0.5291,stress,vibrate
f15,1,0,0.4397,stress,no_vibrate
f15,1,1,0.7101,stress,vibrate
f15,1,0,0.3372,stress,no_vibrate
f15,1,1,0.9606,stress,vibrate
f15,1,1,0.9776,stress,vibrate
f15,1,1,0.5837,stress,vibrate
f15,1,1,0.5175,stress,vibrate
f15,1,1,0.8304,stress,vibrate
f15,1,0,0.1288,stress,no_vibrate
f15,1,1,0.5240,stress,vibrate
f15,1,0,0.3670,stress,no_vibrate
f15,1,1,0.7833,stress,vibrate
f15,1,1,0.5560,stress,vibrate
f15,1,1,0.5538,stress,vibrate
f15,1,0,0.3297,stress,no_vibrate
f15,1,1,0.9936,stress,vibrate
f15,0,1,0.5821,rest,vibrate
f15,0,0,0.2688,rest,no_vibrate
f15,0,0,0.1340,rest,no_vibrate
f15,0,1,0.8356,rest,vibrate
f15,0,1,0.5946,rest,vibrate
f15,0,0,0.2138,rest,no_vibrate
f15,0,0,0.0671,rest,no_vibrate
f15,0,0,0.2298,rest,no_vibrate
f15,0,0,0.0604,rest,no_vibrate
f15,0,0,0.0492,rest,no_vibrate
f15,0,0,0.3919,rest,no_vibrate
f15,0,0,0.1780,rest,no_vibrate
f15,0,0,0.1110,rest,no_vibrate
f15,0,1,0.6701,rest,vibrate
f15,0,0,0.3899,rest,no_vibrate
f15,0,0,0.0078,rest,no_vibrate
f15,0,0,0.0284,rest,no_vibrate
f15,0,0,0.0015,rest,no_vibrate
f15,0,0,0.0008,rest,no_vibrate
f15,0,0,0.2183,rest,no_vibrate
f15,0,0,0.0851,rest,no_vibrate
f15,0,0,0.0541,rest,no_vibrate
f15,0,0,0.1173,rest,no_vibrate
f15,0,0,0.0395,rest,no_vibrate
f15,0,0,0.0089,rest,no_vibrate
f15,0,0,0.0292,rest,no_vibrate
f15,0,0,0.1038,rest,no_vibrate
f15,0,0,0.0588,rest,no_vibrate
f15,0,0,0.0789,rest,no_vibrate
f15,0,0,0.2023,rest,no_vibrate
f15,0,0,0.1070,rest,no_vibrate
f15,0,0,0.0196,rest,no_vibrate
f15,0,0,0.1046,rest,no_vibrate
f15,0,0,0.0536,rest,no_vibrate
f15,0,1,0.9807,rest,vibrate
f15,0,1,0.9355,rest,vibrate
f15,0,1,0.7914,rest,vibrate
f15,0,1,0.8814,rest,vibrate
f15,0,1,0.9756,rest,vibrate
f15,0,0,0.4517,rest,no_vibrate
f15,0,1,0.6708,rest,vibrate
f15,0,0,0.0443,rest,no_vibrate
f15,0,0,0.0434,rest,no_vibrate
f15,0,0,0.0219,rest,no_vibrate
f15,0,0,0.0016,rest,no_vibrate
f15,0,0,0.0044,rest,no_vibrate
f15,0,0,0.0026,rest,no_vibrate
f15,0,0,0.0163,rest,no_vibrate
f15,0,0,0.4853,rest,no_vibrate
f15,0,1,0.8909,rest,vibrate
f15,0,0,0.1955,rest,no_vibrate
f15,0,0,0.0835,rest,no_vibrate
f15,0,0,0.0032,rest,no_vibrate
f15,0,0,0.0754,rest,no_vibrate
f15,0,0,0.1077,rest,no_vibrate
f15,0,0,0.0502,rest,no_vibrate
f15,0,0,0.0385,rest,no_vibrate
f15,0,0,0.0158,rest,no_vibrate
f15,0,0,0.0801,rest,no_vibrate
f15,0,0,0.0078,rest,no_vibrate
f15,0,0,0.0115,rest,no_vibrate
f15,0,0,0.0021,rest,no_vibrate
f15,0,0,0.0145,rest,no_vibrate
f15,0,0,0.0041,rest,no_vibrate
f15,0,0,0.0008,rest,no_vibrate
f15,0,0,0.0059,rest,no_vibrate
f15,0,0,0.0009,rest,no_vibrate
f15,0,0,0.0014,rest,no_vibrate
f15,0,0,0.0041,rest,no_vibrate
f15,0,0,0.0095,rest,no_vibrate
f15,0,0,0.0096,rest,no_vibrate
f15,0,0,0.0015,rest,no_vibrate
f15,0,0,0.0013,rest,no_vibrate
f15,0,0,0.1133,rest,no_vibrate
f15,0,0,0.0982,rest,no_vibrate
f15,0,0,0.0012,rest,no_vibrate
f15,0,0,0.0295,rest,no_vibrate
f15,0,0,0.0643,rest,no_vibrate
f15,0,0,0.0438,rest,no_vibrate
f15,0,0,0.0120,rest,no_vibrate
f15,0,0,0.0013,rest,no_vibrate
f15,0,0,0.0017,rest,no_vibrate
f15,0,0,0.0036,rest,no_vibrate
f15,0,0,0.0008,rest,no_vibrate
f15,0,0,0.0785,rest,no_vibrate
f15,0,1,0.9557,rest,vibrate
f15,0,1,0.8425,rest,vibrate
f15,0,0,0.0554,rest,no_vibrate
f15,0,0,0.1370,rest,no_vibrate
f15,0,0,0.3753,rest,no_vibrate
f15,0,0,0.0173,rest,no_vibrate
f15,0,0,0.0071,rest,no_vibrate
f15,0,0,0.0079,rest,no_vibrate
f15,0,0,0.0037,rest,no_vibrate
f15,0,0,0.0009,rest,no_vibrate
f15,0,0,0.0002,rest,no_vibrate
f15,0,0,0.0004,rest,no_vibrate
f15,0,0,0.0006,rest,no_vibrate
f15,0,0,0.0007,rest,no_vibrate
f15,0,0,0.0021,rest,no_vibrate
f15,0,0,0.0405,rest,no_vibrate
f15,0,0,0.3200,rest,no_vibrate
f15,0,0,0.0023,rest,no_vibrate
f15,0,0,0.0017,rest,no_vibrate
f15,0,0,0.1814,rest,no_vibrate
f15,0,0,0.1197,rest,no_vibrate
f15,0,0,0.0123,rest,no_vibrate
f15,0,0,0.0212,rest,no_vibrate
f15,0,0,0.0048,rest,no_vibrate
f15,0,0,0.0024,rest,no_vibrate
f15,0,0,0.0021,rest,no_vibrate
f15,0,0,0.0311,rest,no_vibrate
f15,0,0,0.0501,rest,no_vibrate
f15,0,0,0.0025,rest,no_vibrate
f15,0,0,0.0389,rest,no_vibrate
f15,0,0,0.0093,rest,no_vibrate
f15,0,0,0.0073,rest,no_vibrate
f15,0,0,0.0012,rest,no_vibrate
f15,0,0,0.0026,rest,no_vibrate
f15,0,0,0.0712,rest,no_vibrate
f15,0,0,0.0689,rest,no_vibrate
f15,0,0,0.3417,rest,no_vibrate
f15,0,0,0.1581,rest,no_vibrate
f15,0,0,0.0168,rest,no_vibrate
f15,0,0,0.0027,rest,no_vibrate
f15,0,0,0.0069,rest,no_vibrate
f15,0,0,0.0082,rest,no_vibrate
f15,0,1,0.6267,rest,vibrate
f15,0,0,0.2671,rest,no_vibrate
f15,0,0,0.0077,rest,no_vibrate
f15,0,0,0.1094,rest,no_vibrate
f15,0,0,0.0153,rest,no_vibrate
f15,0,0,0.0442,rest,no_vibrate
f15,0,0,0.1705,rest,no_vibrate
f15,0,0,0.0015,rest,no_vibrate
f15,0,0,0.0711,rest,no_vibrate
f15,0,0,0.0257,rest,no_vibrate
f15,0,0,0.0384,rest,no_vibrate
f15,0,0,0.0167,rest,no_vibrate
f15,0,0,0.0461,rest,no_vibrate
f15,0,0,0.0145,rest,no_vibrate
f15,0,0,0.1066,rest,no_vibrate
f15,0,0,0.0818,rest,no_vibrate
f15,0,0,0.0241,rest,no_vibrate
f15,0,1,0.6580,rest,vibrate
f15,0,0,0.0208,rest,no_vibrate
f15,0,0,0.0039,rest,no_vibrate
f15,0,0,0.0074,rest,no_vibrate
f15,0,0,0.1862,rest,no_vibrate
f16,1,0,0.2379,stress,no_vibrate
f16,1,0,0.1204,stress,no_vibrate
f16,1,0,0.0955,stress,no_vibrate
f16,1,0,0.0524,stress,no_vibrate
f16,1,0,0.3671,stress,no_vibrate
f16,1,1,0.5357,stress,vibrate
f16,1,1,0.6498,stress,vibrate
f16,1,1,0.7382,stress,vibrate
f16,1,1,0.8490,stress,vibrate
f16,1,1,0.7172,stress,vibrate
f16,1,1,0.9528,stress,vibrate
f16,1,1,0.9728,stress,vibrate
f16,1,1,0.9857,stress,vibrate
f16,1,0,0.3500,stress,no_vibrate
f16,1,0,0.1496,stress,no_vibrate
f16,1,1,0.8822,stress,vibrate
f16,1,1,0.9885,stress,vibrate
f16,1,1,0.9910,stress,vibrate
f16,1,1,0.9315,stress,vibrate
f16,1,1,0.9871,stress,vibrate
f16,1,1,0.9942,stress,vibrate
f16,1,1,0.9958,stress,vibrate
f16,1,1,0.9945,stress,vibrate
f16,1,1,0.8050,stress,vibrate
f16,1,1,0.9784,stress,vibrate
f16,1,1,0.9715,stress,vibrate
f16,1,1,0.9413,stress,vibrate
f16,1,1,0.9940,stress,vibrate
f16,1,1,0.9987,stress,vibrate
f16,1,0,0.2108,stress,no_vibrate
f16,1,0,0.3629,stress,no_vibrate
f16,0,0,0.0249,rest,no_vibrate
f16,0,0,0.0221,rest,no_vibrate
f16,0,0,0.1052,rest,no_vibrate
f16,0,0,0.2248,rest,no_vibrate
f16,0,0,0.2284,rest,no_vibrate
f16,0,0,0.1918,rest,no_vibrate
f16,0,0,0.3137,rest,no_vibrate
f16,0,1,0.9536,rest,vibrate
f16,0,1,0.9840,rest,vibrate
f16,0,0,0.4488,rest,no_vibrate
f16,0,1,0.5390,rest,vibrate
f16,0,0,0.0376,rest,no_vibrate
f16,0,0,0.1832,rest,no_vibrate
f16,0,0,0.4150,rest,no_vibrate
f16,0,0,0.1223,rest,no_vibrate
f16,0,0,0.1161,rest,no_vibrate
f16,0,0,0.0114,rest,no_vibrate
f16,0,0,0.0005,rest,no_vibrate
f16,0,0,0.0025,rest,no_vibrate
f16,0,0,0.0025,rest,no_vibrate
f16,0,0,0.0088,rest,no_vibrate
f16,0,0,0.1832,rest,no_vibrate
f16,0,0,0.1130,rest,no_vibrate
f16,0,0,0.3654,rest,no_vibrate
f16,0,0,0.1079,rest,no_vibrate
f16,0,0,0.0602,rest,no_vibrate
f16,0,1,0.8028,rest,vibrate
f16,0,1,0.8196,rest,vibrate
f16,0,0,0.0530,rest,no_vibrate
f16,0,0,0.2758,rest,no_vibrate
f16,0,0,0.0140,rest,no_vibrate
f16,0,0,0.1983,rest,no_vibrate
f16,0,1,0.8377,rest,vibrate
f16,0,0,0.4466,rest,no_vibrate
f16,0,1,0.6513,rest,vibrate
f16,0,1,0.7004,rest,vibrate
f16,0,1,0.7308,rest,vibrate
f16,0,1,0.7664,rest,vibrate
f16,0,1,0.5775,rest,vibrate
f16,0,0,0.3115,rest,no_vibrate
f16,0,0,0.1933,rest,no_vibrate
f16,0,0,0.0277,rest,no_vibrate
f16,0,0,0.0116,rest,no_vibrate
f16,0,0,0.0650,rest,no_vibrate
f16,0,0,0.0384,rest,no_vibrate
f16,0,0,0.0628,rest,no_vibrate
f16,0,0,0.0153,rest,no_vibrate
f16,0,0,0.1796,rest,no_vibrate
f16,0,0,0.0082,rest,no_vibrate
f16,0,0,0.0051,rest,no_vibrate
f16,0,0,0.0136,rest,no_vibrate
f16,0,0,0.0263,rest,no_vibrate
f16,0,0,0.0285,rest,no_vibrate
f16,0,0,0.0791,rest,no_vibrate
f16,0,0,0.0938,rest,no_vibrate
f16,0,0,0.0149,rest,no_vibrate
f16,0,0,0.0406,rest,no_vibrate
f16,0,0,0.0151,rest,no_vibrate
f16,0,0,0.0368,rest,no_vibrate
f16,0,0,0.0233,rest,no_vibrate
f16,0,0,0.0086,rest,no_vibrate
f16,0,0,0.0021,rest,no_vibrate
f16,0,0,0.0392,rest,no_vibrate
f16,0,0,0.1185,rest,no_vibrate
f16,0,0,0.1087,rest,no_vibrate
f16,0,0,0.0295,rest,no_vibrate
f16,0,0,0.0200,rest,no_vibrate
f16,0,0,0.0079,rest,no_vibrate
f16,0,0,0.0006,rest,no_vibrate
f16,0,0,0.3695,rest,no_vibrate
f16,0,0,0.0151,rest,no_vibrate
f16,0,0,0.0237,rest,no_vibrate
f16,0,0,0.0043,rest,no_vibrate
f16,0,0,0.0710,rest,no_vibrate
f16,0,0,0.0805,rest,no_vibrate
f16,0,0,0.0279,rest,no_vibrate
f16,0,0,0.0129,rest,no_vibrate
f16,0,0,0.0015,rest,no_vibrate
f16,0,0,0.0012,rest,no_vibrate
f16,0,0,0.0028,rest,no_vibrate
f16,0,0,0.1968,rest,no_vibrate
f16,0,0,0.0698,rest,no_vibrate
f16,0,0,0.0056,rest,no_vibrate
f16,0,0,0.0170,rest,no_vibrate
f16,0,0,0.0081,rest,no_vibrate
f16,0,0,0.0257,rest,no_vibrate
f16,0,0,0.0068,rest,no_vibrate
f16,0,0,0.0067,rest,no_vibrate
f16,0,0,0.0075,rest,no_vibrate
f16,0,0,0.0228,rest,no_vibrate
f16,0,0,0.0372,rest,no_vibrate
f16,0,0,0.0878,rest,no_vibrate
f16,0,0,0.1792,rest,no_vibrate
f16,0,0,0.0425,rest,no_vibrate
f16,0,0,0.0836,rest,no_vibrate
f16,0,0,0.1661,rest,no_vibrate
f16,0,0,0.0078,rest,no_vibrate
f16,0,0,0.0059,rest,no_vibrate
f16,0,0,0.0292,rest,no_vibrate
f16,0,1,0.9850,rest,vibrate
f16,0,1,0.9991,rest,vibrate
f16,0,1,0.9932,rest,vibrate
f16,0,0,0.0450,rest,no_vibrate
f16,0,0,0.0049,rest,no_vibrate
f16,0,1,0.5753,rest,vibrate
f16,0,1,0.7376,rest,vibrate
f16,0,0,0.3315,rest,no_vibrate
f16,0,0,0.2987,rest,no_vibrate
f16,0,0,0.2756,rest,no_vibrate
f16,0,0,0.0100,rest,no_vibrate
f16,0,0,0.0031,rest,no_vibrate
f16,0,0,0.0685,rest,no_vibrate
f16,0,1,0.7211,rest,vibrate
f16,0,0,0.0149,rest,no_vibrate
f16,0,0,0.0321,rest,no_vibrate
f16,0,0,0.0833,rest,no_vibrate
f16,0,0,0.0021,rest,no_vibrate
f16,0,0,0.0016,rest,no_vibrate
f16,0,0,0.0244,rest,no_vibrate
f16,0,0,0.3559,rest,no_vibrate
f16,0,1,0.5961,rest,vibrate
f16,0,0,0.1296,rest,no_vibrate
f16,0,0,0.0989,rest,no_vibrate
f16,0,0,0.0315,rest,no_vibrate
f16,0,0,0.0208,rest,no_vibrate
f16,0,0,0.0619,rest,no_vibrate
f16,0,0,0.0252,rest,no_vibrate
f16,0,0,0.0088,rest,no_vibrate
f16,0,1,0.7182,rest,vibrate
f16,0,0,0.3795,rest,no_vibrate
f16,0,0,0.0050,rest,no_vibrate
f16,0,0,0.0013,rest,no_vibrate
f16,0,0,0.0036,rest,no_vibrate
f16,0,0,0.0174,rest,no_vibrate
f16,0,0,0.0011,rest,no_vibrate
f16,0,0,0.0005,rest,no_vibrate
f16,0,0,0.0022,rest,no_vibrate
f16,0,0,0.0006,rest,no_vibrate
f16,0,0,0.0011,rest,no_vibrate
f16,0,0,0.0015,rest,no_vibrate
f16,0,0,0.0011,rest,no_vibrate
f16,0,0,0.0188,rest,no_vibrate
f16,0,0,0.0063,rest,no_vibrate
f16,0,0,0.0025,rest,no_vibrate
f16,0,0,0.0061,rest,no_vibrate
f16,0,0,0.0031,rest,no_vibrate
f16,0,0,0.0006,rest,no_vibrate
f16,0,0,0.0009,rest,no_vibrate
f16,0,0,0.0039,rest,no_vibrate
f16,0,0,0.0097,rest,no_vibrate
f16,0,0,0.0635,rest,no_vibrate
f16,0,0,0.0048,rest,no_vibrate
f16,0,0,0.0098,rest,no_vibrate
f16,0,0,0.0072,rest,no_vibrate
f16,0,0,0.0712,rest,no_vibrate
f16,0,0,0.0302,rest,no_vibrate
f16,0,0,0.0333,rest,no_vibrate
f16,0,0,0.0296,rest,no_vibrate
f16,0,0,0.1062,rest,no_vibrate
f16,0,0,0.1108,rest,no_vibrate
f16,0,0,0.3068,rest,no_vibrate
f16,0,0,0.0879,rest,no_vibrate
f16,0,0,0.0668,rest,no_vibrate
